# NanoSoul 整机分区表 — 16MB flash, A/B 双 OTA + emote/人脸/语音模型数据分区
# app 各 5MB (gfx + esp-dl + esp-sr + hosted + TLS 全栈同仓; 配合 -Os 尚有余量)
# 注意: human_face_det / model 这些 label 是组件硬性要求, 勿改名
#   - human_face_det: human_face_detect 组件按 label 找人脸模型
#   - model:          esp-sr 的 CMake 按名字 "model" 查分区并自动把选中模型打进 srmodels.bin 随 idf.py flash 烧录
#                     (esp_srmodel_init("model") 读它; 曾名 srmodel, 2026-07-23 为吃官方烧录流程改名)
# Name,           Type, SubType,  Offset,    Size,     Flags
nvs,              data, nvs,      0x9000,    0x6000,
otadata,          data, ota,      0xf000,    0x2000,
phy_init,         data, phy,      0x11000,   0x1000,
ota_0,            app,  ota_0,    0x20000,   0x500000,
ota_1,            app,  ota_1,    0x520000,  0x500000,
emote_gen,        data, spiffs,   0xa20000,  0x180000,
human_face_det,   data, spiffs,   0xba0000,  0x100000,
model,            data, spiffs,   0xca0000,  0x300000,
storage,          data, fat,      0xfa0000,  0x40000,
